jobname,seed,seq1_name,seq1_type,seq1_copies,seq1,seq1_ptms,seq2_name,seq2_type,seq2_copies,seq2,seq2_ptms,seq3_name,seq3_type,seq3_copies,seq3,seq3_ptms,seq4_name,seq4_type,seq4_copies,seq4,seq4_ptms,seq5_name,seq5_type,seq5_copies,seq5,seq5_ptms,seq6_name,seq6_type,seq6_copies,seq6,seq6_ptms,seq7_name,seq7_type,seq7_copies,seq7,seq7_ptms,seq8_name,seq8_type,seq8_copies,seq8,seq8_ptms,seq9_name,seq9_type,seq9_copies,seq9,seq9_ptms,seq10_name,seq10_type,seq10_copies,seq10,seq10_ptms
TIR_Ca10065_trim,Car_cicar.CDCFrontier.gnm1.ann1.Ca_10065.1,protein,1,DHKYDVFISFRGEDTRKTFTSQLHKALCKDNIETFVDYNLKRGDEVGPSLTEAISYSRISVVIFSENYANSKWCLVELAHIMECRRFYEHVVIPVFYEIEPSHVRYQEGSYKTAFARYEAEANISRNFANSLIEWKAALASAANISGWVSRTYRGDEVGPSLTEAISYSRISVVIFSENYANSKWCLVELAHIMECRRFYEHVVIPVFYEIEPSHVRYQEGSYKTAFARYEAEANISRNFANSLIEWKAALASAANISGWVSRTYRDDSQLIDDIVKDVWKMLSLMYPNELKDLVQIDENNKYIESLLKKHQSIGIWGFGGMGKTTIAKQIFAKHFAQYDSVCLLENVRENTETFGVTHIRTKLICELLRRQVTESEIVGLRTFIKRRLTGKKVLIALDDVGDTEQLDELCRYLDELGQDSRLIITTRNRHMLNGRVHVQYKVKKWKLDESLKLFSLGAFKQSHPKEGYEDLSKRAVAYAGGIPLALKVLGSYFHSRDSDFWESELNHLVNNGESLSKIEKVFKGSYNELTQREKEIFLDIAFFFKEENKDFTTRILNACGFNATGGIKLLQEKALVTISNSGRIQMHDLLQKVALQIVQCKKNCSRKDPGERSRLCDIKEIRDVFKSSRDTHKVEGILFDLSQKLKLDVQVDTFKKMTELRFLRLYVPLGKKRLTSVSIPEYIMPFSDKLRYLEWDGYLLKTLPQPFCAELLVEIRLPHSEVEHLWHGMQELPNLEGIDLTECKQLTELPDLSGASKLKWLYLSGCESLCEIEPHVFSNDTLVTLILDNCIKLQSLTCGKHLTSLEKINVYGCSSLQVFSLSSDSIERLDLSKTGTEKLHSSIGHMKKLVYLNLEGLRLSNLPSELSCLKSLTELRLSNCDIVTGSNLEAVFDSKLRSLKILYLKDCVKLLELPTNVNSLSSLYELRLDGSNLEILPVSIEGLSELEIMSLNNCRNLRFLPKLPPHIKEFHADNCTSLVRVFTLNTFSESMKGENKYISFKNDMELDESSLVCMTEGAILTMKTAALHNMSIEKYSLKTHSYNYDSVVVSLPGSSVPMQFEYQTTDSTSITLDITKFHYYSRGFIFCVVVSPSLSYGTREHGGVQIQCQCFMKNGSNVGVVSKWHHKAIEDLNMNHVFFWYDPYHFDSIHYFFDTVSFEFSVSTDSGEQNDFFSIKECGIYPIYISEFPTLLDNLSFEERIQSYLRLKIWYNLEMLESYKLREEKEKTTLFEMKYMQNW,,ADP,ligand,1,ADP,,,,,,,,,,,,,,,,,,,,,,,,,,,,,,,,,,,,,,,,,,
TIR_Glyma10G184300_trim,Gma_Glyma.10G184300.3,protein,1,CPKKYDIFISFRGEDIRTTFIGHLRSALSGPNIKAYADDHDLQKGQEIWPSLCQAIQDSHFAIVVFSENYAESKWCLKELVQILHCRKTQGLVVIPVFYQVDPSHIRKCTGTYGEAIAKHKDNQSVQDWKAALTEAANISGWDTRSRDNKNESQLIEKIVLDVSEKLRSPFKLKEVEDFVQIEKHCGEVKLLLSKNQDQLQKNVHVIGIWGMGGIGKTTIAKALFSQLFPQYDAVCFLPNVREESQRMGLTSLCDKLLSKLLKEGHHEYNLAGSEDLTRRLGNKKVLIVLDDVDSFSQLDTLYQPCKYVGPGSKLIITTRDRHLLRRRVDVTHVYEVKTWSIAESLELFSVHAFNERRPKKGYEDLSNRAVNCARGVPLALEVLGSNLYSRTTEFWDDELNKLENYRNDNIQDVLQVSYDGLDDLEKEIFLDIAFFFKGEHKKDVVRILDACDFYPTRGLKVLEDKALITISHSGMIEMHDLIEEMGLNIVRGESKDPRNRSRLSDIKEVSDVLANKKGSDLIEGIKLDLSSIEDLHLNADTLNMMTNLRILRLYVPSGKISRNVHHSGVPSKLSGKLRYLEWNGFHLKSLPVTFCAKMLVEIRMPHSHVTELWQGVQDVANLVRIDLSECKHLKNLPDLSKASKLKWVNLSGCESLCDIHPSLFSFDTLETLMLDGCKKLKGLKSEKHLTSLRKISVDGCTSLKEFSLSSDSITSLDLSSTRIGMLDSTFERLTSLESLSVHGLRYGNIPDEIFSLKDLRELKICNSRVAIDKEKLHVLFDGSRYLRLLHLKDCCNLCELPDNIGGLSKLNELRLDGSCVKTLPASIEHLRKLKTLSLENCRELGSLPKLPPFITEFNAANCWSLTTVSSLNSSALGLKGKGKFISFKNCGWLDEPSLHCIMEGALELTELASCQNEIVKIVDEANTKNCNNKSVKVCFPGSKVPSQFKHRTTDSSITIGLPCYRNGRVGLTLCVVLSRSRVAAKIWCQCYLADGTKLEPATTWYHEAVTELNSDHVFIWCDSSLFNSIFESGTPLVFFEFFVTNDKGKRVTIDTPECGVCVMFDSKGYVASRQVLEHSASVLGLELNHYMVQP,,ADP,ligand,1,ADP,,,,,,,,,,,,,,,,,,,,,,,,,,,,,,,,,,,,,,,,,,
TIR_Glyma16G118600_trim,Gma_Glyma.16G118600.4,protein,1,TSIKKDVFISFRGPDVRKGLLSHLKKELCRRQIEACVDEILDRGDEISSSLLRAIEESQILLVIFSKDYASSQWCLEELAKMIECLERNKQILVPVFFNVDPSDVRQQHGEYGDALAKHEEKLKENMFKVQSWRSALKKAANLSGFHYPGNFDDESDLVDKIVEDISEKLSKSSPSESNGLVGNDQNIVQIQSLLLKESNEVIFVGIWGMGGIGKTTIAHAMYDKYSPQYEGCCFLNVREEVEQRGLSHLQEKLISELLEGEGLHTSGTSKARFFDSAGRKMGRKKVLVVLDDVNTSEQLKYLVGKPICFGPGSRVLITSRDKRVLTSGGVYQIHKVKEMDPRDSLKLFCLNAFNESHPKMGYEKLSEEVVKIAQGNPLALKVLGADFHSRSMDTWECALSKIKKYPNEEIQSVLRFSYDGLHEVEKKAFLDIAFFFEEDDKDYVTRKLDAWGFHGASGVEVLQQKALITISDNRIQMHDLIREMGCEIVRQESIICPRRRSRLRDNEEVSNVLRQNLGTDEVEAMQIDVSG,,ADP,ligand,1,ADP,,,,,,,,,,,,,,,,,,,,,,,,,,,,,,,,,,,,,,,,,,
TIR_Lcu2RBY7g004590_trim,Lcu_Lcu.2RBY.7g004590.1,protein,1,HKKYDVFLSFRGEDTRSNFAAHLHEALTDQNIYTYIDYDPEKGDEVGPSLAKVIQDSHISLVVFSENYATSKRCLNELLHILHCRQLHGQVVIPVFYRVDPSRVRHQKESYLTALAKHQREIASSKSHLDKVLKWKDALIEATNISGRGSRSYRDYSQLIHDIVEDVLLKLCLRFPSELKNLVKVDESDEHIELLLKTTPRIGIWGMSGIGKTTIAKQMFAKNFAHYDNVCFLENVSEESEKFGRMYVRNKLLSELLKREVTVSDVHGQGTFFTRKLSGKKNFIVLDDVDDAKQLDDLCGLLDDLGPNSRLIITTRNRHIVSGKVDEIYVVTPWKLKDSLKLFSVAAFNQSRPINGYERISERAVEYAEGVPLALKVWGSHFYSRKPKFWESELNNYENNGEAFPYILEVLKLSYNGLSRQEKEMFLDIAFFFKDEHKDFVTRTLNAFNINVTNGVEILESKALISISNSNRIQIQGLLQKMAFDIVRQEYNDRGKHSRLKDAKDICDVLGNNKGVDAVEGILFDLSQNLDLEVQADTFSLMTKLRFLKFHVPKGKKKMANLHLPINIEPFFTKLAYLEWNGYPMKSLPEPFRAEQLVQICLPHSNIEHLWFGMQELVNLEVVDLSDSKQLINLPDLSKALKLKQLLLSGCENLCEVQASAFSKDTLDTLLLDGCTKLPSLMGEKHLTSLANFSVKDCACIKEFSLSSDSIKKLDLSSTGIEILHPSIGGMNRLYSLNLEGLNLTVLPIELSRLRSLTELRVSKCSAVTESNLETLFKGLGSLTLLHLKYCCNLSDIPENISSLSSLHELRLDGSNVKELPASIKDLSKLEVQSLDNCSKLRRLPDLPSSIKEFQADNCTSLKTVSTLKTFSENMVGKKKYISFKNSIKMESDGPSLARITEDAMLTMKSAAFHNVLVRKYGNQTHGYNYNSAEVCLPGCRVPSQFKHRSTTYSSITIDVSNSAAFIFSVVVTPSNITHQHGYFVGIVCQCYSEDGGRKVGPKSKWNHKAITNLNMDHVFVWYDPYHSDSILRRNERNVSFKFYITTYTSSRRELGGLLSIKECGVCPIYYSESKRVLGKGNLDKGLELELYQKIEFERSVEGY,,ADP,ligand,1,ADP,,,,,,,,,,,,,,,,,,,,,,,,,,,,,,,,,,,,,,,,,,
TIR_Lcu2RBY7g004690_trim,Lcu_Lcu.2RBY.7g004690.1,protein,1,DYSQVIDNVVEDVLQKLSLMYPNELKNLVKVGEKDEYIELLLKTTPRIGIWGMSGIGKTTIAIQMFAKNFAYYDNVSEETEKFGQMYVRNMLLSKLLKREITASDVHGQHTFIKRRLSGNRSFIVLDDVDNATQLDDLCGVLDDLGPNSRLVITTRDRHILSGRVDEIYEVTPWKLKDSLKLFSLGAFKQSHPREGYEHISERAVQHAGGVPLALKLLGLHFYSKKPKFWESELNNYETNGEAFPGMQKVLKLSYNGLSWREKEMFLDIAFFFKDEDKDFVTRILNAFGFNATSGVEILEDKALISISNSNRIQIHGLLQKMAFDIVRQEHNKDPGKRSRLRDAKDICDVLGKNKGSDAVEGIIFDLSQKLDLVVQADTFNLMTKLRFLKFHVPSGKKKLGVVHLPKNIMPFFDKLTYLEWNGYPLKSLPQPFRAEQLVQICLPNSNIERLWSGMQELVNLEVVDLSDSKQLINLPDLSGALKLKQLRLSGCENLCEVQASSFSKDTLDTLLLDRCTKLQSLMGEKHLTSLANFSVKGCSSLKEFSLSSDSIIRLDLSNTGIEILHPSIGGMNKLYSLNLEGLNLKNLPIELSRLRSLTELRVSKCSVNSIKLELDGPSLARITEDAMLTMKSAAFHNVLVRKYRYQTHSYNYNSAGVCLPGHRVPSQFKRRSTKYSSVTISISNSVGFIFSVVVTPSKITQQHEYFVGILCQCYSEDGRREVGYKSSWNHKPVSNLNMDHIFIWYDPYHSDSILGRDEQKVSFKFHITTYTSSGRELGGLVSIKECGVCPIYYSESRRVLGKGNLDKGLELELYQEIEFERSVEG,,ADP,ligand,1,ADP,,,,,,,,,,,,,,,,,,,,,,,,,,,,,,,,,,,,,,,,,,
TIR_Lcu2RBY7g004740_trim,Lcu_Lcu.2RBY.7g004740.1,protein,1,STKKHDVFLSFRGEDTRIGFTSHLYDALNHKSIKTYIDYLLNRGEDVWPTLSEAIEDSHVSIVVFSENYASSKWCLEELVKILECRRKVAHGQVVIPVFYKTDPSHIRNQSGSFEKAFAKHERDLGNSESDDSKQKVLSWKAALTEAANISGWDSNTHKDESNLIENIVNDVLQKLQLRYPSELEGIVGTGNFCRVVETLMTSIQILGIWGMGGMGKTTIAKVLFAKFFAQYDHVCFANAKEYSLSKLLSELLKEEISPSNVVGSTFHMRRLRSKKIFIILDNVDSLDQFEYLCKDFGDQSNNSRLIITTRNRQLLSERVHQIYEVKQWEDLESLELFSLEAFKQSLPRKGYEDLSQRAVAYAGGIPLALKVLGSNLRSKGTDFWESTFRKLDKFPKEEIQKVLKVSYDGLDPLEKKIFLDIAFFFKGEKKDHVKRILNACGFEASSGIEVLEDKALITISNGNRIQMHDLLKKMGSDIMRKECGINPATHTRLSGSEAVEVIKENKGTNSVEGITLDLSENNHLHLRSDTFTKMKALRILKFYIPLGQSCSNAYLKLPMVLEPFSSELRYFEWIRYPFEILPQPFCAKLLVEIHMPHSNVKRLWQGMQDLDKLEVIDLGECRHFVQLPDLSKASKLKWVNLSGCVSLVDLHPSVFLAETLTTLILDGCTKLRRVKGQKHLKFLEKISINGCTSLEEFAISSDLIENLDLSGTGIQTLDLSIGLPHNLKRLNLEGSRLEHLPKELPSLTSLKELRISGSGLKVKTQQLHVLFNGLRSLQILHLKDCNNLFELPDNISVLSQLQELILDGSNMKKLPESIRDLQELAILSLEDCREIQYLPGLPPLIKLLNASNCTSLVSVSNIKTIATKMMGNAKNISFRNSLKLDGHSRKHIMESLNLTMMSAAFQNVSVRRLRVAVHSYNYTSVDACLPGRRVPRQFKYHITTKSSITIELPNHSNLVGFLYSVVLSPAGGMKKGGAIIKCRCNLGEGTKVTRFNTNVTELNSDHVYVWYDPFHCDSILKFYEPKLCFEFCVTNDMEDVDGSICIKECGVRPVCGDEQQSVLQQLDLDSEKKYELKKAVELESGRRITLK,,ADP,ligand,1,ADP,,,,,,,,,,,,,,,,,,,,,,,,,,,,,,,,,,,,,,,,,,
TIR_MtrunA17Chr5g0439951_trim,Mtr_MtrunA17_Chr5g0439951,protein,1,HRKYDVFISFRGEDTRFGITDHLYDALIHKSIKTYIDYQLNRGEDVWPALSKAIEDSYISIIVFSENFATSKWCLEELVKVLECRKDHGQIVIPVFYKADPSHIRNQKASYETAFAKHERELGTKDSISNKSKVLKWKAALTEAANISGWDSHTYEKESILILKIVNDVLEKLQLRYPNELEGVVRNEKNSECVESLLKKFRILGIWSMGGMGKTTIAKVFFAKHFAQYDHVCFANAKEYSLSRLLSELLKEEISASDVVKSTIHMRRLRSRKVLIVLDNVESSDQFDYLCRDYHDLTQDSRLIITTKDKQLLRGRVDWIYEVKHWEDPKSLELFCLEAFEPSNPREKYEHLLQKAITYAGGVPLALKLLALHLRSREIEFWVSSFKKLDKYPDGRLHKVLRVSYDELDALQKKIFLDIAFFFIGEKKERVTKILDACGFEPNSGIVVLKDKALITVSNNHTIQMHDLLQKMGSDIICNDCGEDPATHTRLSGTAAFEVIEENKGSSSIEGIMLDLSQNNVLPLTSDTFTKMKALRILKFHAPSSLQKCTITYPYLPKFLKLFSKKLRYFEWYGYPFESLPQPFHAKFLVEIRMPHSNVKQLWQGMKELGKLEGIDLSECKHLIKLPDFSKASSLKWVNLSGCESLVDLPPSVLCADMLVTLILHRCTKITSVRGEKHLNCLEKISVDGCKSLKIFAVSSNLIENLDLSSTGIQTLDLSIGSLEKLKRLNLDSLKLNCLPEGLSSVTSISELKISGSALIVEKQLLEELFDGLQSLQILHMKDFINQFELPNNIHVLSKLKELNLDGSNMKRLPESIKKLEELEILSLVNCRELECIPELPPLVTLLNAVNCTSLVSVSNLKGLATMMMGKTKHISFSNSLNLDGHSLSLIMENLNLTMMSAVFQNVSVRRLRVKVHSYNYNSVDACRPGTSIPRLFKCQTAADSSITITLLPERSNLLGFIYSVVLSPAGGNGMKKGEARIKCQCSLGKEGIKASWLNTHVTELNSDHTYVWYDPFHCDSILKFYQPKICFEFYVTNDTTGEVDSSIHIKECGVRQVSVAELETVLPELELDSQKKKDLKKAVELESGRRITLKPI,,ADP,ligand,1,ADP,,,,,,,,,,,,,,,,,,,,,,,,,,,,,,,,,,,,,,,,,,
TIR_MtrunA17Chr8g0342621_trim,Mtr_MtrunA17_Chr8g0342621,protein,1,SKKYDVFISFRGQDTRETFTSHLHYALCKENIITYIDDNLVKGDEIGEALAEAIQDSRISLVVFSKNYATSKWCLNELLKILECKKLHGQVVIPVFYNTGTSEVRNQTGSYEKPFSHYEIEAINNESFANTVSEWRAALAEAANIPGWDSQSRTYKDDSQVIQSIVSDVWKKLALMYPNELKGLVHNDQHGSYTESLLKRYSRIGIWGMGGIGKTTIARQMFAKHFAQYESACFMENVSEEIEKFGPRYIRNKLLSELLKRQITASDILGAPFIERILSGRKFFIVLDDVDNAAQLEYLCSELDDLGPNSRLIITGRDRQTLKGKVDVIHEVTKWNFEESLRLFSLGAFKQNHPKEGYKLLSQRAVAYAGGVPLALKVLGSHFYSRSPEFWEPELKNLENKGESLRGIQEVLRVSYNGLTVREKEMFLDIAFFFKDEKRDFVTRILDACGFNAASGIVTLEDKALITISYDNIIQMHDLLQQMAFDIVRQKKDQTSRDPEKCSRLRDIKEVCDVLKNNKGTPKVEGIIFDLSQKEDLHVGADTFKMMTKLRFLRLYVPLSKKISTTIYHPEDMMPFSDKLRYLEWSEYPLKSLPHPFCAELLVEIHLPRSNIKYLWHGMQKLVHLEKVDLRESKQLMKLPDLSGAEKLKWLYLSGCESLHEVQPSVFSKDTLVTLLLDGCKKLEILVSENHLTSLQKIDVSGCSSLREFSLSSDSIEELDLSNTGIEILHSSIGRMSMLWRLDLQGLRLKNLPKEMSSMRSLTEIDLSNCNVVTKSKLEALFGGLESLIILYLKDCGNLLELPVNIDSLSLLYELRLDGSNVKMLPTSFKNLSRLRILYLDNCKKLGCLSEVPPHIEELHVNNCISLVKVSSLKALSHSMKGWKKEISFKNTIKLDAPSLNRITEDVILTMKSAAFHNTIIVYDVHGWSYNGVHFWLPGCTVPSQFKFRAIGSSSSITIKIPPLSKDVGFIYSVVVSPSFQMEEHGNNLEIRFKYYSESGDLNFINSHSIKDVSLDHVFMCYNEPHFIGNAFEFSVTNLSGDLNGSYILKECGIYPIYYSEFPRLAATMNLDRDLEKEIALELSRSLGSDFHEYIQQFQSESIARYD,,ADP,ligand,1,ADP,,,,,,,,,,,,,,,,,,,,,,,,,,,,,,,,,,,,,,,,,,
TIR_PsaXP050873936_trim,Psa_XP_050873936,protein,1,EKEYDVFISFRGEDTRKTFTAQLHQALTDNNINTYIDYILKKGDEVGPSLAKAIKDSHISLVVFSENYATSKWCLDELLHILHCRQLHGQVVIPVFCDVDPSHVRHQKETYQKAFAKYMRELATSKSHLDKVLEWKAALSSAANISGWDSRKYRDYSQVIQEVVADVKQKLSLMFPNELKSLVKVDEKDEHIELLLEKIPRIGIWGMSGIGKTTIAKQMFAKNFAHYDNVCFLENVSEESDKFGQMYVRNKLLSELLKREITASNVHGQHTFIKRRLGGKKSFIVLDDVDNATQLDDLCGVLDDLGHNSRLIITTRNKDILSGKVDKIYEVTPWKLKDSLKLFSLGAFQQSYPREGYERISERAVEYAGGVPIALKVLGLHFKSKKPKSWVSELNDYENKGETFPGIQKVLELSYNGLSWREKEMFLDIAFFFKDENKDLVTRILNTCDFNATNGVEILENKALISISNSNTIQIHGLLQKMAFDIARQEDNDRGKRRRLKDAKDICDVIRNNKGIDAVEGIILDLSQKLDLEVQADTFNLMTELRFLKFHVPKGKKKFGTVHLPENFKLYFDKLAYLEWNGYPLKSLPEPVRAEQLIQICLPHSNIEHLWFKKQKLVNLEAIDLSGCKKLKNLPDLSGAPKLKQLRLSGCEELLEVQASAFSKDTLVTLLLDGCKKLSSLMGERHLKSLANFSVKGCYGLKEFSLSSDSLRRLDLSNTGIEILHPSIGGMTNLYSLNLEGLNLTSLPIELSHLALTELRVSKCSVVTKSKLKALFDGLRSLTLLHLKDCCNLFELPANISSLSSLQELRLDGSNVKELPASIKYLLELEVQSLDNCSKLQCLPELPLSIKEFQADNCLSLTTVSTLKTFSVNMIGQNKYISFQNSIKMELDGPSLACMTEDAMLTMKSAAFHNVLVRKYRFQTHSYNYNSAEVCLPGHRIPSQFKQRSTTYASLTIDVLNWVGFILAVVVTPSNITQESEYFVGILCQCYSEDGRTEVGNKSKWKPKLVTNLKMDHIFVWYDPFLCDTILRRNERKVSFKFCITTYTTSGRELGDLLKIKECGVCPIYYSESQKVLGTGNLDKDLEKELYQEIEHERSVEG,,ADP,ligand,1,ADP,,,,,,,,,,,,,,,,,,,,,,,,,,,,,,,,,,,,,,,,,,
TIR_Phvul010G136700_trim,Pvu_phavu.G19833.gnm2.ann1.Phvul.010G136700.1,protein,1,MKKHDVFVSFRGEDTRSSFISHLYKALKDNSIGAYIDCLLDRGEDVWPALAKAIQDSHVSIVVFSESYASSKWCLQELVKILECRKQLGLVVIPVFYNVDPSDIRNQKGSYEKALEELLESNEEKVPKWKAALTEAANISGWDSRTHRDESHVIENVVNDILQKLHLRCRSELKGLVGNEENCRNVEVLLKSCRVIGIWGMGGIGKSTIAKVLFAEHFPQYDHVCFVANAREYLLDKLFSTLLKKEVSATNVIGSSFHMRRLSSRKVFIVLDDVDMDSLELLEYLCGEFEDRHSDSKLVITTRDRQLLVGRVDAIYHVQEWKKTESLKLFCSEAFKKSYPERGYESLSESAVEYAGGIPLALKVLGSYLRSKGINFWQSTIRKLSLYPNERIQKVLEVSYTALHDLEKNMFLDIVFFFKEKQKDNVIRILDACGFEATSGIEVLADKALLTISYTNIIQMHDLLQQMGLEIVRQECTADPGRRSRLKDNEAREVIKENKGTDAIQGIELDLSKVKNLPLHSDTFTKMKTLRFLKFYNSSGESSSNTYLDLPATLDPFSDKLRYIEWIGYPFESLPSPFSAKLLVEIHMPHSKVKQLWKGIQELDNLEGIDLSECKQFKELPDLSKAPRLKWVNLSCVESLRYLHPSVLSSATLVTLILDGCTKLKSVKGEKRLKSLEKISVNGCLNLEEFAVSLDLLKISNMNNRGIQMSGTSVRRKRCPLEESFCLTYLKKMKLVDSGLLVKDLINYKLPSIKYLYMLNLDECSMRTLPETIKNFGYLRILSLENCNQLLHLPKLPSSINYLGAINCTSLVTVSNLVNLAEAMWGSTRFITFKNSLKLDEHSCKLLMESVQLIMVSAAFDNMVRKSHDLHGYSYNSVELCVPGSRVPHQIKYWSTECFITIDLPKLSNLRGFIYSVVLSPSGETKKHATRIICKRHLRENTRESWVSSDIEGLNTDHVYVWYDPFHCDGIFKYNEPSVCFEFCVTNDKGEVDGFMCIKECGVGVIGVSELLSVLGELDWDSDKKKNLVKRVELIAQDKG,,ADP,ligand,1,ADP,,,,,,,,,,,,,,,,,,,,,,,,,,,,,,,,,,,,,,,,,,
TIR_Ca10065x4trim,Car_cicar.CDCFrontier.gnm1.ann1.Ca_10065.1,protein,4,DHKYDVFISFRGEDTRKTFTSQLHKALCKDNIETFVDYNLKRGDEVGPSLTEAISYSRISVVIFSENYANSKWCLVELAHIMECRRFYEHVVIPVFYEIEPSHVRYQEGSYKTAFARYEAEANISRNFANSLIEWKAALASAANISGWVSRTYRGDEVGPSLTEAISYSRISVVIFSENYANSKWCLVELAHIMECRRFYEHVVIPVFYEIEPSHVRYQEGSYKTAFARYEAEANISRNFANSLIEWKAALASAANISGWVSRTYRDDSQLIDDIVKDVWKMLSLMYPNELKDLVQIDENNKYIESLLKKHQSIGIWGFGGMGKTTIAKQIFAKHFAQYDSVCLLENVRENTETFGVTHIRTKLICELLRRQVTESEIVGLRTFIKRRLTGKKVLIALDDVGDTEQLDELCRYLDELGQDSRLIITTRNRHMLNGRVHVQYKVKKWKLDESLKLFSLGAFKQSHPKEGYEDLSKRAVAYAGGIPLALKVLGSYFHSRDSDFWESELNHLVNNGESLSKIEKVFKGSYNELTQREKEIFLDIAFFFKEENKDFTTRILNACGFNATGGIKLLQEKALVTISNSGRIQMHDLLQKVALQIVQCKKNCSRKDPGERSRLCDIKEIRDVFKSSRDTHKVEGILFDLSQKLKLDVQVDTFKKMTELRFLRLYVPLGKKRLTSVSIPEYIMPFSDKLRYLEWDGYLLKTLPQPFCAELLVEIRLPHSEVEHLWHGMQELPNLEGIDLTECKQLTELPDLSGASKLKWLYLSGCESLCEIEPHVFSNDTLVTLILDNCIKLQSLTCGKHLTSLEKINVYGCSSLQVFSLSSDSIERLDLSKTGTEKLHSSIGHMKKLVYLNLEGLRLSNLPSELSCLKSLTELRLSNCDIVTGSNLEAVFDSKLRSLKILYLKDCVKLLELPTNVNSLSSLYELRLDGSNLEILPVSIEGLSELEIMSLNNCRNLRFLPKLPPHIKEFHADNCTSLVRVFTLNTFSESMKGENKYISFKNDMELDESSLVCMTEGAILTMKTAALHNMSIEKYSLKTHSYNYDSVVVSLPGSSVPMQFEYQTTDSTSITLDITKFHYYSRGFIFCVVVSPSLSYGTREHGGVQIQCQCFMKNGSNVGVVSKWHHKAIEDLNMNHVFFWYDPYHFDSIHYFFDTVSFEFSVSTDSGEQNDFFSIKECGIYPIYISEFPTLLDNLSFEERIQSYLRLKIWYNLEMLESYKLREEKEKTTLFEMKYMQNW,,,,,,,,,,,,,,,,,,,,,,,,,,,,,,,,,,,,,,,,,,,,,,,
TIR_Glyma10G184300x4trim,Gma_Glyma.10G184300.3,protein,4,CPKKYDIFISFRGEDIRTTFIGHLRSALSGPNIKAYADDHDLQKGQEIWPSLCQAIQDSHFAIVVFSENYAESKWCLKELVQILHCRKTQGLVVIPVFYQVDPSHIRKCTGTYGEAIAKHKDNQSVQDWKAALTEAANISGWDTRSRDNKNESQLIEKIVLDVSEKLRSPFKLKEVEDFVQIEKHCGEVKLLLSKNQDQLQKNVHVIGIWGMGGIGKTTIAKALFSQLFPQYDAVCFLPNVREESQRMGLTSLCDKLLSKLLKEGHHEYNLAGSEDLTRRLGNKKVLIVLDDVDSFSQLDTLYQPCKYVGPGSKLIITTRDRHLLRRRVDVTHVYEVKTWSIAESLELFSVHAFNERRPKKGYEDLSNRAVNCARGVPLALEVLGSNLYSRTTEFWDDELNKLENYRNDNIQDVLQVSYDGLDDLEKEIFLDIAFFFKGEHKKDVVRILDACDFYPTRGLKVLEDKALITISHSGMIEMHDLIEEMGLNIVRGESKDPRNRSRLSDIKEVSDVLANKKGSDLIEGIKLDLSSIEDLHLNADTLNMMTNLRILRLYVPSGKISRNVHHSGVPSKLSGKLRYLEWNGFHLKSLPVTFCAKMLVEIRMPHSHVTELWQGVQDVANLVRIDLSECKHLKNLPDLSKASKLKWVNLSGCESLCDIHPSLFSFDTLETLMLDGCKKLKGLKSEKHLTSLRKISVDGCTSLKEFSLSSDSITSLDLSSTRIGMLDSTFERLTSLESLSVHGLRYGNIPDEIFSLKDLRELKICNSRVAIDKEKLHVLFDGSRYLRLLHLKDCCNLCELPDNIGGLSKLNELRLDGSCVKTLPASIEHLRKLKTLSLENCRELGSLPKLPPFITEFNAANCWSLTTVSSLNSSALGLKGKGKFISFKNCGWLDEPSLHCIMEGALELTELASCQNEIVKIVDEANTKNCNNKSVKVCFPGSKVPSQFKHRTTDSSITIGLPCYRNGRVGLTLCVVLSRSRVAAKIWCQCYLADGTKLEPATTWYHEAVTELNSDHVFIWCDSSLFNSIFESGTPLVFFEFFVTNDKGKRVTIDTPECGVCVMFDSKGYVASRQVLEHSASVLGLELNHYMVQP,,,,,,,,,,,,,,,,,,,,,,,,,,,,,,,,,,,,,,,,,,,,,,,
TIR_Glyma16G118600x4trim,Gma_Glyma.16G118600.4,protein,4,TSIKKDVFISFRGPDVRKGLLSHLKKELCRRQIEACVDEILDRGDEISSSLLRAIEESQILLVIFSKDYASSQWCLEELAKMIECLERNKQILVPVFFNVDPSDVRQQHGEYGDALAKHEEKLKENMFKVQSWRSALKKAANLSGFHYPGNFDDESDLVDKIVEDISEKLSKSSPSESNGLVGNDQNIVQIQSLLLKESNEVIFVGIWGMGGIGKTTIAHAMYDKYSPQYEGCCFLNVREEVEQRGLSHLQEKLISELLEGEGLHTSGTSKARFFDSAGRKMGRKKVLVVLDDVNTSEQLKYLVGKPICFGPGSRVLITSRDKRVLTSGGVYQIHKVKEMDPRDSLKLFCLNAFNESHPKMGYEKLSEEVVKIAQGNPLALKVLGADFHSRSMDTWECALSKIKKYPNEEIQSVLRFSYDGLHEVEKKAFLDIAFFFEEDDKDYVTRKLDAWGFHGASGVEVLQQKALITISDNRIQMHDLIREMGCEIVRQESIICPRRRSRLRDNEEVSNVLRQNLGTDEVEAMQIDVSG,,,,,,,,,,,,,,,,,,,,,,,,,,,,,,,,,,,,,,,,,,,,,,,
TIR_Lcu2RBY7g004590x4trim,Lcu_Lcu.2RBY.7g004590.1,protein,4,HKKYDVFLSFRGEDTRSNFAAHLHEALTDQNIYTYIDYDPEKGDEVGPSLAKVIQDSHISLVVFSENYATSKRCLNELLHILHCRQLHGQVVIPVFYRVDPSRVRHQKESYLTALAKHQREIASSKSHLDKVLKWKDALIEATNISGRGSRSYRDYSQLIHDIVEDVLLKLCLRFPSELKNLVKVDESDEHIELLLKTTPRIGIWGMSGIGKTTIAKQMFAKNFAHYDNVCFLENVSEESEKFGRMYVRNKLLSELLKREVTVSDVHGQGTFFTRKLSGKKNFIVLDDVDDAKQLDDLCGLLDDLGPNSRLIITTRNRHIVSGKVDEIYVVTPWKLKDSLKLFSVAAFNQSRPINGYERISERAVEYAEGVPLALKVWGSHFYSRKPKFWESELNNYENNGEAFPYILEVLKLSYNGLSRQEKEMFLDIAFFFKDEHKDFVTRTLNAFNINVTNGVEILESKALISISNSNRIQIQGLLQKMAFDIVRQEYNDRGKHSRLKDAKDICDVLGNNKGVDAVEGILFDLSQNLDLEVQADTFSLMTKLRFLKFHVPKGKKKMANLHLPINIEPFFTKLAYLEWNGYPMKSLPEPFRAEQLVQICLPHSNIEHLWFGMQELVNLEVVDLSDSKQLINLPDLSKALKLKQLLLSGCENLCEVQASAFSKDTLDTLLLDGCTKLPSLMGEKHLTSLANFSVKDCACIKEFSLSSDSIKKLDLSSTGIEILHPSIGGMNRLYSLNLEGLNLTVLPIELSRLRSLTELRVSKCSAVTESNLETLFKGLGSLTLLHLKYCCNLSDIPENISSLSSLHELRLDGSNVKELPASIKDLSKLEVQSLDNCSKLRRLPDLPSSIKEFQADNCTSLKTVSTLKTFSENMVGKKKYISFKNSIKMESDGPSLARITEDAMLTMKSAAFHNVLVRKYGNQTHGYNYNSAEVCLPGCRVPSQFKHRSTTYSSITIDVSNSAAFIFSVVVTPSNITHQHGYFVGIVCQCYSEDGGRKVGPKSKWNHKAITNLNMDHVFVWYDPYHSDSILRRNERNVSFKFYITTYTSSRRELGGLLSIKECGVCPIYYSESKRVLGKGNLDKGLELELYQKIEFERSVEGY,,,,,,,,,,,,,,,,,,,,,,,,,,,,,,,,,,,,,,,,,,,,,,,
TIR_Lcu2RBY7g004690x4trim,Lcu_Lcu.2RBY.7g004690.1,protein,4,DYSQVIDNVVEDVLQKLSLMYPNELKNLVKVGEKDEYIELLLKTTPRIGIWGMSGIGKTTIAIQMFAKNFAYYDNVSEETEKFGQMYVRNMLLSKLLKREITASDVHGQHTFIKRRLSGNRSFIVLDDVDNATQLDDLCGVLDDLGPNSRLVITTRDRHILSGRVDEIYEVTPWKLKDSLKLFSLGAFKQSHPREGYEHISERAVQHAGGVPLALKLLGLHFYSKKPKFWESELNNYETNGEAFPGMQKVLKLSYNGLSWREKEMFLDIAFFFKDEDKDFVTRILNAFGFNATSGVEILEDKALISISNSNRIQIHGLLQKMAFDIVRQEHNKDPGKRSRLRDAKDICDVLGKNKGSDAVEGIIFDLSQKLDLVVQADTFNLMTKLRFLKFHVPSGKKKLGVVHLPKNIMPFFDKLTYLEWNGYPLKSLPQPFRAEQLVQICLPNSNIERLWSGMQELVNLEVVDLSDSKQLINLPDLSGALKLKQLRLSGCENLCEVQASSFSKDTLDTLLLDRCTKLQSLMGEKHLTSLANFSVKGCSSLKEFSLSSDSIIRLDLSNTGIEILHPSIGGMNKLYSLNLEGLNLKNLPIELSRLRSLTELRVSKCSVNSIKLELDGPSLARITEDAMLTMKSAAFHNVLVRKYRYQTHSYNYNSAGVCLPGHRVPSQFKRRSTKYSSVTISISNSVGFIFSVVVTPSKITQQHEYFVGILCQCYSEDGRREVGYKSSWNHKPVSNLNMDHIFIWYDPYHSDSILGRDEQKVSFKFHITTYTSSGRELGGLVSIKECGVCPIYYSESRRVLGKGNLDKGLELELYQEIEFERSVEG,,,,,,,,,,,,,,,,,,,,,,,,,,,,,,,,,,,,,,,,,,,,,,,
TIR_Lcu2RBY7g004740x4trim,Lcu_Lcu.2RBY.7g004740.1,protein,4,STKKHDVFLSFRGEDTRIGFTSHLYDALNHKSIKTYIDYLLNRGEDVWPTLSEAIEDSHVSIVVFSENYASSKWCLEELVKILECRRKVAHGQVVIPVFYKTDPSHIRNQSGSFEKAFAKHERDLGNSESDDSKQKVLSWKAALTEAANISGWDSNTHKDESNLIENIVNDVLQKLQLRYPSELEGIVGTGNFCRVVETLMTSIQILGIWGMGGMGKTTIAKVLFAKFFAQYDHVCFANAKEYSLSKLLSELLKEEISPSNVVGSTFHMRRLRSKKIFIILDNVDSLDQFEYLCKDFGDQSNNSRLIITTRNRQLLSERVHQIYEVKQWEDLESLELFSLEAFKQSLPRKGYEDLSQRAVAYAGGIPLALKVLGSNLRSKGTDFWESTFRKLDKFPKEEIQKVLKVSYDGLDPLEKKIFLDIAFFFKGEKKDHVKRILNACGFEASSGIEVLEDKALITISNGNRIQMHDLLKKMGSDIMRKECGINPATHTRLSGSEAVEVIKENKGTNSVEGITLDLSENNHLHLRSDTFTKMKALRILKFYIPLGQSCSNAYLKLPMVLEPFSSELRYFEWIRYPFEILPQPFCAKLLVEIHMPHSNVKRLWQGMQDLDKLEVIDLGECRHFVQLPDLSKASKLKWVNLSGCVSLVDLHPSVFLAETLTTLILDGCTKLRRVKGQKHLKFLEKISINGCTSLEEFAISSDLIENLDLSGTGIQTLDLSIGLPHNLKRLNLEGSRLEHLPKELPSLTSLKELRISGSGLKVKTQQLHVLFNGLRSLQILHLKDCNNLFELPDNISVLSQLQELILDGSNMKKLPESIRDLQELAILSLEDCREIQYLPGLPPLIKLLNASNCTSLVSVSNIKTIATKMMGNAKNISFRNSLKLDGHSRKHIMESLNLTMMSAAFQNVSVRRLRVAVHSYNYTSVDACLPGRRVPRQFKYHITTKSSITIELPNHSNLVGFLYSVVLSPAGGMKKGGAIIKCRCNLGEGTKVTRFNTNVTELNSDHVYVWYDPFHCDSILKFYEPKLCFEFCVTNDMEDVDGSICIKECGVRPVCGDEQQSVLQQLDLDSEKKYELKKAVELESGRRITLK,,,,,,,,,,,,,,,,,,,,,,,,,,,,,,,,,,,,,,,,,,,,,,,
TIR_MtrunA17Chr5g0439951x4trim,Mtr_MtrunA17_Chr5g0439951,protein,4,HRKYDVFISFRGEDTRFGITDHLYDALIHKSIKTYIDYQLNRGEDVWPALSKAIEDSYISIIVFSENFATSKWCLEELVKVLECRKDHGQIVIPVFYKADPSHIRNQKASYETAFAKHERELGTKDSISNKSKVLKWKAALTEAANISGWDSHTYEKESILILKIVNDVLEKLQLRYPNELEGVVRNEKNSECVESLLKKFRILGIWSMGGMGKTTIAKVFFAKHFAQYDHVCFANAKEYSLSRLLSELLKEEISASDVVKSTIHMRRLRSRKVLIVLDNVESSDQFDYLCRDYHDLTQDSRLIITTKDKQLLRGRVDWIYEVKHWEDPKSLELFCLEAFEPSNPREKYEHLLQKAITYAGGVPLALKLLALHLRSREIEFWVSSFKKLDKYPDGRLHKVLRVSYDELDALQKKIFLDIAFFFIGEKKERVTKILDACGFEPNSGIVVLKDKALITVSNNHTIQMHDLLQKMGSDIICNDCGEDPATHTRLSGTAAFEVIEENKGSSSIEGIMLDLSQNNVLPLTSDTFTKMKALRILKFHAPSSLQKCTITYPYLPKFLKLFSKKLRYFEWYGYPFESLPQPFHAKFLVEIRMPHSNVKQLWQGMKELGKLEGIDLSECKHLIKLPDFSKASSLKWVNLSGCESLVDLPPSVLCADMLVTLILHRCTKITSVRGEKHLNCLEKISVDGCKSLKIFAVSSNLIENLDLSSTGIQTLDLSIGSLEKLKRLNLDSLKLNCLPEGLSSVTSISELKISGSALIVEKQLLEELFDGLQSLQILHMKDFINQFELPNNIHVLSKLKELNLDGSNMKRLPESIKKLEELEILSLVNCRELECIPELPPLVTLLNAVNCTSLVSVSNLKGLATMMMGKTKHISFSNSLNLDGHSLSLIMENLNLTMMSAVFQNVSVRRLRVKVHSYNYNSVDACRPGTSIPRLFKCQTAADSSITITLLPERSNLLGFIYSVVLSPAGGNGMKKGEARIKCQCSLGKEGIKASWLNTHVTELNSDHTYVWYDPFHCDSILKFYQPKICFEFYVTNDTTGEVDSSIHIKECGVRQVSVAELETVLPELELDSQKKKDLKKAVELESGRRITLKPI,,,,,,,,,,,,,,,,,,,,,,,,,,,,,,,,,,,,,,,,,,,,,,,
TIR_MtrunA17Chr8g0342621x4trim,Mtr_MtrunA17_Chr8g0342621,protein,4,SKKYDVFISFRGQDTRETFTSHLHYALCKENIITYIDDNLVKGDEIGEALAEAIQDSRISLVVFSKNYATSKWCLNELLKILECKKLHGQVVIPVFYNTGTSEVRNQTGSYEKPFSHYEIEAINNESFANTVSEWRAALAEAANIPGWDSQSRTYKDDSQVIQSIVSDVWKKLALMYPNELKGLVHNDQHGSYTESLLKRYSRIGIWGMGGIGKTTIARQMFAKHFAQYESACFMENVSEEIEKFGPRYIRNKLLSELLKRQITASDILGAPFIERILSGRKFFIVLDDVDNAAQLEYLCSELDDLGPNSRLIITGRDRQTLKGKVDVIHEVTKWNFEESLRLFSLGAFKQNHPKEGYKLLSQRAVAYAGGVPLALKVLGSHFYSRSPEFWEPELKNLENKGESLRGIQEVLRVSYNGLTVREKEMFLDIAFFFKDEKRDFVTRILDACGFNAASGIVTLEDKALITISYDNIIQMHDLLQQMAFDIVRQKKDQTSRDPEKCSRLRDIKEVCDVLKNNKGTPKVEGIIFDLSQKEDLHVGADTFKMMTKLRFLRLYVPLSKKISTTIYHPEDMMPFSDKLRYLEWSEYPLKSLPHPFCAELLVEIHLPRSNIKYLWHGMQKLVHLEKVDLRESKQLMKLPDLSGAEKLKWLYLSGCESLHEVQPSVFSKDTLVTLLLDGCKKLEILVSENHLTSLQKIDVSGCSSLREFSLSSDSIEELDLSNTGIEILHSSIGRMSMLWRLDLQGLRLKNLPKEMSSMRSLTEIDLSNCNVVTKSKLEALFGGLESLIILYLKDCGNLLELPVNIDSLSLLYELRLDGSNVKMLPTSFKNLSRLRILYLDNCKKLGCLSEVPPHIEELHVNNCISLVKVSSLKALSHSMKGWKKEISFKNTIKLDAPSLNRITEDVILTMKSAAFHNTIIVYDVHGWSYNGVHFWLPGCTVPSQFKFRAIGSSSSITIKIPPLSKDVGFIYSVVVSPSFQMEEHGNNLEIRFKYYSESGDLNFINSHSIKDVSLDHVFMCYNEPHFIGNAFEFSVTNLSGDLNGSYILKECGIYPIYYSEFPRLAATMNLDRDLEKEIALELSRSLGSDFHEYIQQFQSESIARYD,,,,,,,,,,,,,,,,,,,,,,,,,,,,,,,,,,,,,,,,,,,,,,,
TIR_PsaXP050873936x4trim,Psa_XP_050873936,protein,4,EKEYDVFISFRGEDTRKTFTAQLHQALTDNNINTYIDYILKKGDEVGPSLAKAIKDSHISLVVFSENYATSKWCLDELLHILHCRQLHGQVVIPVFCDVDPSHVRHQKETYQKAFAKYMRELATSKSHLDKVLEWKAALSSAANISGWDSRKYRDYSQVIQEVVADVKQKLSLMFPNELKSLVKVDEKDEHIELLLEKIPRIGIWGMSGIGKTTIAKQMFAKNFAHYDNVCFLENVSEESDKFGQMYVRNKLLSELLKREITASNVHGQHTFIKRRLGGKKSFIVLDDVDNATQLDDLCGVLDDLGHNSRLIITTRNKDILSGKVDKIYEVTPWKLKDSLKLFSLGAFQQSYPREGYERISERAVEYAGGVPIALKVLGLHFKSKKPKSWVSELNDYENKGETFPGIQKVLELSYNGLSWREKEMFLDIAFFFKDENKDLVTRILNTCDFNATNGVEILENKALISISNSNTIQIHGLLQKMAFDIARQEDNDRGKRRRLKDAKDICDVIRNNKGIDAVEGIILDLSQKLDLEVQADTFNLMTELRFLKFHVPKGKKKFGTVHLPENFKLYFDKLAYLEWNGYPLKSLPEPVRAEQLIQICLPHSNIEHLWFKKQKLVNLEAIDLSGCKKLKNLPDLSGAPKLKQLRLSGCEELLEVQASAFSKDTLVTLLLDGCKKLSSLMGERHLKSLANFSVKGCYGLKEFSLSSDSLRRLDLSNTGIEILHPSIGGMTNLYSLNLEGLNLTSLPIELSHLALTELRVSKCSVVTKSKLKALFDGLRSLTLLHLKDCCNLFELPANISSLSSLQELRLDGSNVKELPASIKYLLELEVQSLDNCSKLQCLPELPLSIKEFQADNCLSLTTVSTLKTFSVNMIGQNKYISFQNSIKMELDGPSLACMTEDAMLTMKSAAFHNVLVRKYRFQTHSYNYNSAEVCLPGHRIPSQFKQRSTTYASLTIDVLNWVGFILAVVVTPSNITQESEYFVGILCQCYSEDGRTEVGNKSKWKPKLVTNLKMDHIFVWYDPFLCDTILRRNERKVSFKFCITTYTTSGRELGDLLKIKECGVCPIYYSESQKVLGTGNLDKDLEKELYQEIEHERSVEG,,,,,,,,,,,,,,,,,,,,,,,,,,,,,,,,,,,,,,,,,,,,,,,
TIR_Phvul010G136700x4trim,Pvu_phavu.G19833.gnm2.ann1.Phvul.010G136700.1,protein,4,MKKHDVFVSFRGEDTRSSFISHLYKALKDNSIGAYIDCLLDRGEDVWPALAKAIQDSHVSIVVFSESYASSKWCLQELVKILECRKQLGLVVIPVFYNVDPSDIRNQKGSYEKALEELLESNEEKVPKWKAALTEAANISGWDSRTHRDESHVIENVVNDILQKLHLRCRSELKGLVGNEENCRNVEVLLKSCRVIGIWGMGGIGKSTIAKVLFAEHFPQYDHVCFVANAREYLLDKLFSTLLKKEVSATNVIGSSFHMRRLSSRKVFIVLDDVDMDSLELLEYLCGEFEDRHSDSKLVITTRDRQLLVGRVDAIYHVQEWKKTESLKLFCSEAFKKSYPERGYESLSESAVEYAGGIPLALKVLGSYLRSKGINFWQSTIRKLSLYPNERIQKVLEVSYTALHDLEKNMFLDIVFFFKEKQKDNVIRILDACGFEATSGIEVLADKALLTISYTNIIQMHDLLQQMGLEIVRQECTADPGRRSRLKDNEAREVIKENKGTDAIQGIELDLSKVKNLPLHSDTFTKMKTLRFLKFYNSSGESSSNTYLDLPATLDPFSDKLRYIEWIGYPFESLPSPFSAKLLVEIHMPHSKVKQLWKGIQELDNLEGIDLSECKQFKELPDLSKAPRLKWVNLSCVESLRYLHPSVLSSATLVTLILDGCTKLKSVKGEKRLKSLEKISVNGCLNLEEFAVSLDLLKISNMNNRGIQMSGTSVRRKRCPLEESFCLTYLKKMKLVDSGLLVKDLINYKLPSIKYLYMLNLDECSMRTLPETIKNFGYLRILSLENCNQLLHLPKLPSSINYLGAINCTSLVTVSNLVNLAEAMWGSTRFITFKNSLKLDEHSCKLLMESVQLIMVSAAFDNMVRKSHDLHGYSYNSVELCVPGSRVPHQIKYWSTECFITIDLPKLSNLRGFIYSVVLSPSGETKKHATRIICKRHLRENTRESWVSSDIEGLNTDHVYVWYDPFHCDGIFKYNEPSVCFEFCVTNDKGEVDGFMCIKECGVGVIGVSELLSVLGELDWDSDKKKNLVKRVELIAQDKG,,,,,,,,,,,,,,,,,,,,,,,,,,,,,,,,,,,,,,,,,,,,,,,
TIR_Lcu2RBY7g004690x4,Lcu_Lcu.2RBY.7g004690.1,protein,4,DYSQVIDNVVEDVLQKLSLMYPNELKNLVKVGEKDEYIELLLKTTPRIGIWGMSGIGKTTIAIQMFAKNFAYYDNVSEETEKFGQMYVRNMLLSKLLKREITASDVHGQHTFIKRRLSGNRSFIVLDDVDNATQLDDLCGVLDDLGPNSRLVITTRDRHILSGRVDEIYEVTPWKLKDSLKLFSLGAFKQSHPREGYEHISERAVQHAGGVPLALKLLGLHFYSKKPKFWESELNNYETNGEAFPGMQKVLKLSYNGLSWREKEMFLDIAFFFKDEDKDFVTRILNAFGFNATSGVEILEDKALISISNSNRIQIHGLLQKMAFDIVRQEHNKDPGKRSRLRDAKDICDVLGKNKGSDAVEGIIFDLSQKLDLVVQADTFNLMTKLRFLKFHVPSGKKKLGVVHLPKNIMPFFDKLTYLEWNGYPLKSLPQPFRAEQLVQICLPNSNIERLWSGMQELVNLEVVDLSDSKQLINLPDLSGALKLKQLRLSGCENLCEVQASSFSKDTLDTLLLDRCTKLQSLMGEKHLTSLANFSVKGCSSLKEFSLSSDSIIRLDLSNTGIEILHPSIGGMNKLYSLNLEGLNLKNLPIELSRLRSLTELRVSKCSVNSIKLELDGPSLARITEDAMLTMKSAAFHNVLVRKYRYQTHSYNYNSAGVCLPGHRVPSQFKRRSTKYSSVTISISNSVGFIFSVVVTPSKITQQHEYFVGILCQCYSEDGRREVGYKSSWNHKPVSNLNMDHIFIWYDPYHSDSILGRDEQKVSFKFHITTYTSSGRELGGLVSIKECGVCPIYYSESRRVLGKGNLDKGLELELYQEIEFERSVEGYGEGQGIDTESNEIGDDKEGPDIQNQELDCLIVSKDAQAHDNHQERENLEDDDNSKEMMQSEILQNNKSSTDDESHPSISPTRLNLTNKLKTDEENKNLQQTPPSLGPVRTTEEDSSKFKKSSTPEHSSVDYSEYKKTLEEDPWAIIEKLLSDERRNTSQASHSTTQAEATETREESIETLLDELRQLAFSRNLLKNLSNDVTLEEEVKALLVKLNDRANELSEKQSSGITDFTTIFNEATVNIDEGKLNNLTLQQLNVDHEDSISKLQESKNKIKNFEDSIIAGGEKIKAMDVEIEDIKAQIVLLEEKAHKVEQEKLQLEDAWLKCKEKRSEIFDEAKNVASKTIQTREKIDNVKKKKLELDSNYGKLQQHYAIMRLSPPF,,,,,,,,,,,,,,,,,,,,,,,,,,,,,,,,,,,,,,,,,,,,,,,
TIR_Glyma16G118600x4,Gma_Glyma.16G118600.4,protein,4,MTSSSTSIKKDVFISFRGPDVRKGLLSHLKKELCRRQIEACVDEILDRGDEISSSLLRAIEESQILLVIFSKDYASSQWCLEELAKMIECLERNKQILVPVFFNVDPSDVRQQHGEYGDALAKHEEKLKENMFKVQSWRSALKKAANLSGFHYPGNFDDESDLVDKIVEDISEKLSKSSPSESNGLVGNDQNIVQIQSLLLKESNEVIFVGIWGMGGIGKTTIAHAMYDKYSPQYEGCCFLNVREEVEQRGLSHLQEKLISELLEGEGLHTSGTSKARFFDSAGRKMGRKKVLVVLDDVNTSEQLKYLVGKPICFGPGSRVLITSRDKRVLTSGGVYQIHKVKEMDPRDSLKLFCLNAFNESHPKMGYEKLSEEVVKIAQGNPLALKVLGADFHSRSMDTWECALSKIKKYPNEEIQSVLRFSYDGLHEVEKKAFLDIAFFFEEDDKDYVTRKLDAWGFHGASGVEVLQQKALITISDNRIQMHDLIREMGCEIVRQESIICPRRRSRLRDNEEVSNVLRQNLGTDEVEAMQIDVSGIKNLPLKLGTFKKMPRLRFLKFYLPLHAELSLLQSHDGPIWSPEKQDELLLSAGCKQLMRVASEIHIKCLHYLLIDDCSDPSLLDELTSTEMSMLQNIAQDAGVEIILNSSIGQLSSLECSDVVDQQFKNLPNELLCLRCTYYLKLSKSRQQDIGKPKLHILFDSLRYYQRISVSQLYKPVVVFPPKSRAEMWLKGAKKEVKGFVVATFYIHLYTVLFFLSPSTFSITIFTQTITLSFLLFCCILLSFFTTRGGIKFMQE,,,,,,,,,,,,,,,,,,,,,,,,,,,,,,,,,,,,,,,,,,,,,,,